{
  "K": 3,
  "n_train": 732,
  "rows": [
    {
      "k": 0,
      "regime": "La Ni\u00f1a",
      "n_k": 198,
      "B": -0.0504946794310667,
      "B_fro": 0.0504946794310667,
      "F": 0.8466599917047213,
      "p_value": 0.35863580322160143
    },
    {
      "k": 1,
      "regime": "Neutral",
      "n_k": 336,
      "B": -0.045995362026541885,
      "B_fro": 0.045995362026541885,
      "F": 0.7976292925594461,
      "p_value": 0.3724480793975448
    },
    {
      "k": 2,
      "regime": "El Ni\u00f1o",
      "n_k": 197,
      "B": -0.026135049353993432,
      "B_fro": 0.026135049353993432,
      "F": 0.1892549792102347,
      "p_value": 0.6640209777393056
    }
  ]
}