{
  "K": 3,
  "scores": [
    {
      "name": "ngh_kf_abfit",
      "log_lik": -30.087705001900034,
      "nll_per_obs": 0.1653170604500002,
      "mse_x": 0.6436709985189449,
      "time_s": 0.035395375000007334
    },
    {
      "name": "gpb2_olsfit",
      "log_lik": -24.852078592565064,
      "nll_per_obs": 0.13654988237673113,
      "mse_x": 0.5769819960200506,
      "time_s": 0.108814083998368
    },
    {
      "name": "gpb2_abfit",
      "log_lik": -29.79601146679824,
      "nll_per_obs": 0.16371434871867166,
      "mse_x": 0.6449456373839699,
      "time_s": 0.1090142500015645
    },
    {
      "name": "kalman_k1",
      "log_lik": -24.25590338033104,
      "nll_per_obs": 0.1332741943974233,
      "mse_x": 0.46698543549811977,
      "time_s": 0.00408558399976755
    }
  ]
}