{
  "K": 3,
  "scores": [
    {
      "name": "h5_exact_h5fit",
      "log_lik": -30.08770500190006,
      "nll_per_obs": 0.16531706045000033,
      "mse_x": 0.6436709985189449,
      "time_s": 0.08237216700035788
    },
    {
      "name": "imm_general_olsfit",
      "log_lik": -32.38394561469693,
      "nll_per_obs": 0.1779337671137194,
      "mse_x": 0.5405866934174198,
      "time_s": 0.11328175000016927
    },
    {
      "name": "imm_general_h5fit",
      "log_lik": -37.3920101939123,
      "nll_per_obs": 0.2054506054610566,
      "mse_x": 0.6434394128408498,
      "time_s": 0.11555320800016489
    },
    {
      "name": "kalman_k1",
      "log_lik": -24.25590338033104,
      "nll_per_obs": 0.1332741943974233,
      "mse_x": 0.46698543549811977,
      "time_s": 0.004279708000467508
    }
  ]
}