{
  "K": 3,
  "scores": [
    {
      "name": "h5_exact_h5fit",
      "log_lik": -20.562262061818405,
      "nll_per_obs": 0.1129794618781231,
      "mse_x": 0.6875115723146754,
      "time_s": 0.08516387499912526
    },
    {
      "name": "imm_general_olsfit",
      "log_lik": -32.38394561469693,
      "nll_per_obs": 0.1779337671137194,
      "mse_x": 0.5405866934174198,
      "time_s": 0.11804358399967896
    },
    {
      "name": "imm_general_h5fit",
      "log_lik": -31.547335353757948,
      "nll_per_obs": 0.1733370074382305,
      "mse_x": 0.8065402617536188,
      "time_s": 0.11748708400045871
    },
    {
      "name": "kalman_k1",
      "log_lik": -24.25590338033104,
      "nll_per_obs": 0.1332741943974233,
      "mse_x": 0.46698543549811977,
      "time_s": 0.003719999998793355
    }
  ]
}