{
  "K": 3,
  "n_inits": 5,
  "max_iter": 50,
  "seed": 42,
  "variants": [
    {
      "name": "V0_unconstrained",
      "train_LL": -437.4477175279919,
      "test_LL": -32.20787718619546,
      "test_NLL_per_obs": 0.17696635816590914,
      "test_MSE": 0.41603817790450237,
      "acc": 0.521978021978022,
      "ARI": 0.0669298443363958,
      "n_iter": 50,
      "converged": false,
      "time_s": 12.750022250002075,
      "all_train_LLs": [
        -437.4477175279919,
        -437.4497911900983,
        -439.03649856979416,
        -444.3529576855674,
        -446.46550982999776
      ]
    },
    {
      "name": "V1_posthoc_B",
      "train_LL": -437.4477175279919,
      "test_LL": -34.064600639700096,
      "test_NLL_per_obs": 0.18716813538296756,
      "test_MSE": 0.4088839588510366,
      "acc": 0.5164835164835165,
      "ARI": 0.05657123436188905,
      "n_iter": 50,
      "converged": false,
      "time_s": 12.686441457997716,
      "all_train_LLs": [
        -437.4477175279919,
        -437.4497911900983,
        -439.03649856979416,
        -444.3529576855674,
        -446.46550982999776
      ]
    },
    {
      "name": "V2_posthoc_A",
      "train_LL": -437.4477175279919,
      "test_LL": -58430.95100201766,
      "test_NLL_per_obs": 321.04918132976735,
      "test_MSE": 3.836729561424954e+234,
      "acc": 0.4835164835164835,
      "ARI": 0.0033254186689507925,
      "n_iter": 50,
      "converged": false,
      "time_s": 12.69824158299889,
      "all_train_LLs": [
        -437.4477175279919,
        -437.4497911900983,
        -439.03649856979416,
        -444.3529576855674,
        -446.46550982999776
      ]
    },
    {
      "name": "V3_GEM_B",
      "train_LL": -441.38085988468555,
      "test_LL": -31.213638582560225,
      "test_NLL_per_obs": 0.17150350869538586,
      "test_MSE": 0.42144751140678177,
      "acc": 0.532967032967033,
      "ARI": 0.07206576500165597,
      "n_iter": 50,
      "converged": false,
      "time_s": 12.74773458299751,
      "all_train_LLs": [
        -441.38287627098043,
        -441.38085988468555,
        -457.4310037254757,
        -503.2307982937716,
        -493.03277445836
      ]
    }
  ]
}