{
  "K": 3,
  "n_inits": 5,
  "max_iter": 50,
  "seed": 42,
  "variants": [
    {
      "name": "V0_unconstrained",
      "train_LL": -437.4477175279919,
      "test_LL": 0.2564531973423291,
      "test_NLL_per_obs": -0.001409083501880929,
      "test_MSE": 0.41353706854099265,
      "acc": 0.4835164835164835,
      "ARI": 0.04574874688626976,
      "n_iter": 50,
      "converged": false,
      "time_s": 12.80565504200058,
      "all_train_LLs": [
        -437.4477175279919,
        -437.4497911900983,
        -439.03649856979416,
        -444.3529576855674,
        -446.46550982999776
      ]
    },
    {
      "name": "V1_posthoc_AB",
      "train_LL": -437.4477175279919,
      "test_LL": 0.33908687028979767,
      "test_NLL_per_obs": -0.0018631146719219652,
      "test_MSE": 1.066348362390486,
      "acc": 0.5,
      "ARI": 0.05251618251407872,
      "n_iter": 50,
      "converged": false,
      "time_s": 12.870093291001467,
      "all_train_LLs": [
        -437.4477175279919,
        -437.4497911900983,
        -439.03649856979416,
        -444.3529576855674,
        -446.46550982999776
      ]
    },
    {
      "name": "V2_GEM_AB",
      "train_LL": -1482.0595341422888,
      "test_LL": -21.69672816178355,
      "test_NLL_per_obs": 0.11921279209771181,
      "test_MSE": 0.6640559396268216,
      "acc": 0.4175824175824176,
      "ARI": -0.0013146095114243772,
      "n_iter": 50,
      "converged": false,
      "time_s": 12.53606958400087,
      "all_train_LLs": [
        -1529.7786210632291,
        -1543.5535864120939,
        -1538.6777107039663,
        -1482.0595341422888,
        -1555.8018915405394
      ]
    }
  ]
}