{
  "K": 3,
  "n_inits": 5,
  "max_iter": 50,
  "seed": 42,
  "variants": [
    {
      "name": "V0_unconstrained",
      "train_LL": -437.4477175279919,
      "test_LL": -32.20787718619546,
      "test_NLL_per_obs": 0.17696635816590914,
      "test_MSE": 0.41603817790450237,
      "acc": 0.521978021978022,
      "ARI": 0.0669298443363958,
      "n_iter": 50,
      "converged": false,
      "time_s": 12.923897333000241,
      "all_train_LLs": [
        -437.4477175279919,
        -437.4497911900983,
        -439.03649856979416,
        -444.3529576855674,
        -446.46550982999776
      ]
    },
    {
      "name": "V1_posthoc_AB",
      "train_LL": -437.4477175279919,
      "test_LL": -24.01159468451965,
      "test_NLL_per_obs": 0.13193183892593213,
      "test_MSE": 1.0702933868457503,
      "acc": 0.5439560439560439,
      "ARI": 0.08555610238520862,
      "n_iter": 50,
      "converged": false,
      "time_s": 12.896534041999985,
      "all_train_LLs": [
        -437.4477175279919,
        -437.4497911900983,
        -439.03649856979416,
        -444.3529576855674,
        -446.46550982999776
      ]
    },
    {
      "name": "V2_GEM_AB",
      "train_LL": -1482.0595341422888,
      "test_LL": -32.586033079827075,
      "test_NLL_per_obs": 0.17904413780124767,
      "test_MSE": 0.6486274927161753,
      "acc": 0.47802197802197804,
      "ARI": 0.0,
      "n_iter": 50,
      "converged": false,
      "time_s": 12.693922082999961,
      "all_train_LLs": [
        -1529.7786210632291,
        -1543.5535864120939,
        -1538.6777107039663,
        -1482.0595341422888,
        -1555.8018915405394
      ]
    }
  ]
}